Species,COI,COII,CYTB,ITS,Color type,Distribution
"Ischnura abyssinica Martin, 1908",MH450002,NA,NA,FN356098,Dimorphic,Afrotropic
"Ischnura aralensis Haritonov, 1979",NA,NA,NA,FN356099,Dimorphic,Palearctic
"Ischnura asiatica (Brauer, 1865)",MT680684,KC430145,KC430194,AB706602,Monomorphic,Palearctic
"Ischnura aurora (Brauer, 1865)",MZ514804,NA,NA,MZ514805,Monomorphic,Australasia
"Ischnura barberi Currie, 1903",MK818637,EU055333,NA,NA,Dimorphic,Nearctic
"Ischnura capreolus (Hagen, 1861)",MT680676,AF067664,AF067684,NA,Dimorphic,Neotropic
"Ischnura cardinalis Kimmins, 1929",MT680674,NA,NA,NA,Monomorphic,Australasia
"Ischnura cervula Selys, 1876",MT680699,AF067665,AF067685,FN356101,Dimorphic,Nearctic
"Ischnura chingaza Realpe, 2010",NA,NA,MG561433,MG561438,Dimorphic,Neotropic
"Ischnura cruzi De Marmels, 1987",MK818661,NA,MG561435,MG561439,Dimorphic,Neotropic
"Ischnura cyane Realpe, 2010",NA,NA,MG561434,MG561440,Dimorphic,Neotropic
"Ischnura damula Calvert, 1902",MK818655,AF067666,AF067686,NA,Dimorphic,Nearctic
"Ischnura demorsa (Hagen, 1861)",MK818656,AF067667,AF067687,NA,Dimorphic,Nearctic
"Ischnura denticollis (Burmeister, 1839)",NA,AF067668,AF067688,FN356102,Dimorphic,Nearctic
"Ischnura elegans (Vander Linden, 1820)",MT680720,HQ834805,HQ834800,KC430216,Trimorphic,Palearctic
"Ischnura elegans ebneri Schmidt, 1938",NA,JQ911513,KC430182,NA,Trimorphic,Palearctic
"Ischnura erratica Calvert, 1895",NA,AF067671,AF067691,NA,Dimorphic,Nearctic
"Ischnura evansi Morton, 1919",MK818644,NA,NA,NA,Trimorphic,Palearctic
"Ischnura ezoin (Asahina, 1952)",MK818666,NA,NA,AB706574,Monomorphic,Palearctic
"Ischnura fluviatilis Selys, 1876",MK818640,NA,NA,NA,Dimorphic,Neotropic
"Ischnura forcipata Morton, 1907",MT240839,NA,NA,FN356104,Monomorphic,Palearctic
"Ischnura fountaineae Morton, 1905",MK818646,KC430124,KC430174,KC430212,Dimorphic,Palearctic
"Ischnura foylei Kosterin, 2015",MK818642,MG561432,NA,NA,Dimorphic,Indomalaya
"Ischnura gemina (Kennedy, 1917)",MK818652,AF067672,AF067692,NA,Dimorphic,Nearctic
"Ischnura genei (Rambur, 1842)",MN701487,KC430116,KC430152,KC430199,Trimorphic,Palearctic
"Ischnura graellsii (Rambur, 1842)",MT680723,HQ834807,KC430158,KC430203,Trimorphic,Palearctic
"Ischnura hastata (Say, 1840)",HQ986206,AF067673,AF067693,NA,Monomorphic,Neotropic/ Nearctic
"Ischnura heterosticta (Burmeister, 1839)",MK818641,NA,NA,AB706612,Monomorphic,Australasia
"Ischnura indivisa (Ris, 1918)",NA,NA,MG561436,NA,Dimorphic,Neotropic
"Ischnura intermedia Dumont, 1974",MK818663,NA,KY127445,NA,Monomorphic,Palearctic
"Ischnura kellicotti Williamson, 1898",KT708070,AF067675,AF067695,NA,Monomorphic,Nearctic
"Ischnura nursei Morton, 1907",MT516411,NA,NA,MH447413,Dimorphic,Palearctic
"Ischnura pamelae Vick & Davies, 1988",MK818650,NA,NA,NA,Monomorphic,Australasia
"Ischnura perparva Selys, 1876",MK818654,AF067676,AF067696,FN356106,Dimorphic,Nearctic
"Ischnura posita (Hagen, 1861)",MT680692,AF067678,AF067698,NA,Monomorphic,Nearctic
"Ischnura posita atezca Novelo-Gutiérrez & Peña-Olmedo, 1989",NA,AF067677,AF067697,NA,Monomorphic,Nearctic
"Ischnura praematura Sanmartín-Villar & Zhang, 2022",MZ514810,NA,NA,MZ514811,Monomorphic,Indomalaya
"Ischnura prognata (Hagen, 1861)",MK818659,AF067679,AF067699,NA,Monomorphic,Nearctic
"Ischnura pruinescens (Tillyard, 1906)",MK818635,NA,NA,NA,Monomorphic,Australasia
"Ischnura pumilio (Charpentier, 1825)",MZ657202,KC430151,KC430198,KC430231,Dimorphic,Palearctic
"Ischnura ramburii (Selys in Sagra, 1857)",HQ986328,AF067680,AF067700,NA,Dimorphic,Neotropic/ Nearctic
"Ischnura rubilio Selys, 1876",OM964933,NA,NA,OM964922,Monomorphic,Indomalaya/ Australasia
"Ischnura rufostigma Selys, 1876",MH449997,NA,NA,AB706613,Dimorphic,Palearctic
"Ischnura saharensis Aguesse, 1958",MK818648,KC430123,KC430168,KC430211,Trimorphic,Palearctic
"Ischnura senegalensis (Rambur, 1842)",AB757896,KC430142,KC430193,KC430219,Dimorphic,Palearctic/ Afrotropic/ Indomalaya
"Ischnura solitaria Bota-Sierra, Velásquez-Vélez & Realpe, 2019",NA,NA,NA,NA,Monomorphic,Neotropic
"Ischnura ""sp. a""",NA,NA,MG561437,NA,Dimorphic,Neotropic
"Ischnura taitensis Selys, 1876",MK818634,NA,NA,NA,Monomorphic,Australasia
"Ischnura ultima Ris, 1908",MK818662,NA,NA,NA,Dimorphic,Neotropic
"Ischnura verticalis (Say, 1840)",MK818658,AF067682,AF067702,NA,Dimorphic,Nearctic
"Enallagma cyathigerum",OR823192.1,KF855908.1,NA,MN989920.1,Monomorphic,Outgroup
