gene_family,SM04-2018-04,SM1030-14,SM1031-4,SM1038-14,SM1042-14R,SM109-18,SM155-18,SM156-18,SM181-4,SM190-8,SM191-1,SM205-2,SM207-3,SM226-1,SM51-19,SM914-13
PG0023,1,1,1,1,1,1,1,1,1,1,1,1,1,1,1,1
PG0132,0,0,0,0,0,1,1,1,0,0,0,0,0,1,0,0
PG0225,0,1,0,0,0,0,0,0,0,0,0,0,0,0,0,0
PG0048,1,1,1,1,1,1,1,1,1,1,1,1,1,1,1,1
PG0065,1,1,1,1,1,1,1,1,1,1,1,1,1,1,1,1
PG0005,1,1,1,1,1,1,1,1,1,1,1,1,1,1,1,1
PG0197,0,0,0,0,0,0,0,0,0,1,0,0,0,0,0,0
PG0167,1,1,1,1,1,1,1,1,1,1,1,0,1,1,1,1
PG0019,1,1,1,1,1,1,1,1,1,1,1,1,1,1,1,1
PG0219,0,0,0,0,0,0,0,0,0,0,0,1,0,0,0,0
PG0037,1,1,1,1,1,1,1,1,1,1,1,1,1,1,1,1
PG0067,1,1,1,1,1,1,1,1,1,1,1,1,1,1,1,1
PG0183,0,0,0,0,0,0,0,0,0,0,0,0,0,0,0,1
PG0051,1,1,1,1,1,1,1,1,1,1,1,1,1,1,1,1
PG0030,1,1,1,1,1,1,1,1,1,1,1,1,1,1,1,1
PG0096,1,1,1,1,1,1,1,1,1,1,1,1,1,1,1,1
PG0131,0,0,0,0,0,0,0,1,0,1,0,0,0,1,0,0
PG0186,0,0,0,0,0,0,1,0,0,0,0,0,0,0,0,0
PG0190,1,0,0,0,0,0,0,0,0,0,0,0,0,0,0,0
PG0098,1,1,1,1,1,1,1,1,1,1,1,1,1,1,1,1
PG0076,1,1,1,1,1,1,1,1,1,1,1,1,1,1,1,1
PG0002,1,1,1,1,1,1,1,1,1,1,1,1,1,1,1,1
PG0145,0,0,1,1,1,0,0,0,0,0,0,0,0,0,1,0
PG0072,1,1,1,1,1,1,1,1,1,1,1,1,1,1,1,1
PG0045,1,1,1,1,1,1,1,1,1,1,1,1,1,1,1,1
PG0046,1,1,1,1,1,1,1,1,1,1,1,1,1,1,1,1
PG0025,1,1,1,1,1,1,1,1,1,1,1,1,1,1,1,1
PG0022,1,1,1,1,1,1,1,1,1,1,1,1,1,1,1,1
PG0050,1,1,1,1,1,1,1,1,1,1,1,1,1,1,1,1
PG0164,1,0,1,1,1,1,0,1,1,1,1,1,1,1,1,1
PG0228,0,0,1,0,0,0,1,0,0,0,0,0,0,0,0,0
PG0006,1,1,1,1,1,1,1,1,1,1,1,1,1,1,1,1
PG0185,0,0,0,0,0,0,0,1,0,1,0,0,0,0,0,0
PG0059,1,1,1,1,1,1,1,1,1,1,1,1,1,1,1,1
PG0242,1,0,0,0,0,0,0,0,0,0,0,0,0,0,0,0
PG0133,0,0,1,0,0,0,0,1,0,0,0,0,0,1,0,0
PG0184,1,0,0,0,0,0,0,0,0,1,0,0,0,0,0,0
PG0057,1,1,1,1,1,1,1,1,1,1,1,1,1,1,1,1
PG0042,1,1,1,1,1,1,1,1,1,1,1,1,1,1,1,1
PG0205,0,1,0,0,0,0,0,0,0,0,1,0,0,0,0,0
PG0173,0,0,0,1,1,0,0,0,1,1,0,1,0,0,0,0
PG0152,1,1,1,0,0,1,0,1,1,1,0,1,1,1,0,1
PG0129,0,0,0,0,0,1,1,0,0,0,1,0,0,0,0,0
PG0138,1,0,0,0,0,0,0,0,0,0,0,1,0,0,0,1
PG0060,1,1,1,1,1,1,1,1,1,1,1,1,1,1,1,1
PG0233,0,0,1,0,0,0,0,0,0,0,0,0,0,0,0,0
PG0049,1,1,1,1,1,1,1,1,1,1,1,1,1,1,1,1
PG0031,1,1,1,1,1,1,1,1,1,1,1,1,1,1,1,1
PG0169,0,1,1,0,0,1,1,0,1,1,0,1,1,1,1,1
PG0160,0,1,1,1,0,1,1,1,1,1,1,1,1,1,1,1
PG0078,1,1,1,1,1,1,1,1,1,1,1,1,1,1,1,1
PG0200,0,0,0,1,0,0,0,0,0,0,0,0,0,0,0,0
PG0066,1,1,1,1,1,1,1,1,1,1,1,1,1,1,1,1
PG0153,1,0,1,1,0,0,0,0,0,1,0,1,1,1,0,1
PG0250,0,0,0,0,0,1,0,0,0,0,0,0,0,1,0,0
PG0077,1,1,1,1,1,1,1,1,1,1,1,1,1,1,1,1
PG0035,1,1,1,1,1,1,1,1,1,1,1,1,1,1,1,1
PG0070,1,1,1,1,1,1,1,1,1,1,1,1,1,1,1,1
PG0130,0,0,0,0,0,0,0,1,0,0,1,0,0,1,0,0
PG0111,1,1,1,1,1,1,1,1,1,1,1,1,1,1,1,1
PG0157,1,0,0,1,0,0,1,1,0,0,1,0,1,1,1,1
PG0087,1,1,1,1,1,1,1,1,1,1,1,1,1,1,1,1
PG0009,1,1,1,1,1,1,1,1,1,1,1,1,1,1,1,1
PG0238,0,1,0,0,0,0,0,0,0,0,0,0,0,0,0,0
PG0134,0,1,0,0,0,0,0,1,1,0,0,0,0,1,0,0
PG0123,0,1,1,0,0,0,0,0,1,1,0,0,0,0,0,1
PG0094,1,1,1,1,1,1,1,1,1,1,1,1,1,1,1,1
PG0073,1,1,1,1,1,1,1,1,1,1,1,1,1,1,1,1
PG0041,1,1,1,1,1,1,1,1,1,1,1,1,1,1,1,1
PG0099,1,1,1,1,1,1,1,1,1,1,1,1,1,1,1,1
PG0020,1,1,1,1,1,1,1,1,1,1,1,1,1,1,1,1
PG0177,1,0,0,0,1,0,0,0,0,1,1,0,0,0,1,0
PG0126,0,0,0,0,0,1,1,1,0,0,1,0,0,0,1,0
PG0003,1,1,1,1,1,1,1,1,1,1,1,1,1,1,1,1
PG0084,1,1,1,1,1,1,1,1,1,1,1,1,1,1,1,1
PG0083,1,1,1,1,1,1,1,1,1,1,1,1,1,1,1,1
PG0112,1,1,1,1,1,1,1,1,1,1,1,1,1,1,1,1
PG0150,1,1,1,1,1,0,1,1,1,1,1,1,1,1,1,1
PG0056,1,1,1,1,1,1,1,1,1,1,1,1,1,1,1,1
PG0085,1,1,1,1,1,1,1,1,1,1,1,1,1,1,1,1
PG0187,0,0,0,0,1,0,0,0,0,0,0,0,0,0,0,0
PG0168,1,0,1,0,1,1,1,1,1,1,1,1,1,1,1,1
PG0149,1,0,1,1,1,1,1,1,0,0,1,0,1,1,1,1
PG0013,1,1,1,1,1,1,1,1,1,1,1,1,1,1,1,1
PG0012,1,1,1,1,1,1,1,1,1,1,1,1,1,1,1,1
PG0029,1,1,1,1,1,1,1,1,1,1,1,1,1,1,1,1
PG0207,0,0,0,0,0,0,0,0,0,0,1,0,0,0,0,0
PG0191,0,0,0,0,0,1,0,0,0,0,0,0,0,0,0,0
PG0071,1,1,1,1,1,1,1,1,1,1,1,1,1,1,1,1
PG0036,1,1,1,1,1,1,1,1,1,1,1,1,1,1,1,1
PG0086,1,1,1,1,1,1,1,1,1,1,1,1,1,1,1,1
PG0069,1,1,1,1,1,1,1,1,1,1,1,1,1,1,1,1
PG0124,0,1,1,0,0,0,0,0,1,1,0,0,0,0,0,0
PG0146,0,0,1,1,1,1,1,1,0,0,1,1,1,1,1,1
PG0092,1,1,1,1,1,1,1,1,1,1,1,1,1,1,1,1
PG0220,0,0,0,0,0,0,0,0,0,0,0,0,1,0,0,0
PG0248,1,1,0,0,0,0,0,0,0,0,0,0,0,0,0,0
PG0196,0,0,0,0,0,0,0,0,0,0,0,0,1,0,0,0
PG0159,0,1,0,0,1,1,0,0,0,0,0,0,0,0,0,0
PG0079,1,1,1,1,1,1,1,1,1,1,1,1,1,1,1,1
PG0117,0,0,0,1,1,0,0,0,0,0,0,0,1,0,1,0
PG0061,1,1,1,1,1,1,1,1,1,1,1,1,1,1,1,1
PG0047,1,1,1,1,1,1,1,1,1,1,1,1,1,1,1,1
PG0198,0,0,0,0,0,1,0,0,0,0,0,0,0,0,0,0
PG0218,0,0,0,1,0,0,0,0,0,0,0,0,0,0,0,1
PG0176,0,0,0,1,1,1,1,1,1,1,1,1,1,0,1,1
PG0091,1,1,1,1,1,1,1,1,1,1,1,1,1,1,1,1
PG0243,0,0,0,0,0,0,0,0,0,0,1,0,0,0,0,0
PG0166,0,1,0,1,0,0,1,0,0,0,1,0,0,0,0,0
PG0151,1,1,1,1,0,0,1,1,1,1,1,0,0,1,0,0
PG0063,1,1,1,1,1,1,1,1,1,1,1,1,1,1,1,1
PG0010,1,1,1,1,1,1,1,1,1,1,1,1,1,1,1,1
PG0249,0,0,0,0,0,0,0,0,0,0,0,0,0,0,1,0
PG0182,0,1,1,0,0,0,0,0,0,0,0,0,0,0,0,0
PG0193,0,0,0,1,0,0,0,0,1,0,0,0,0,0,0,0
PG0180,0,0,0,0,0,0,0,0,0,0,0,0,0,0,1,0
PG0125,0,0,0,1,0,1,1,0,1,0,1,0,0,0,0,0
PG0116,0,0,0,1,1,0,0,0,0,1,0,0,1,0,1,1
PG0244,0,0,0,0,0,0,0,0,0,0,0,0,0,0,1,0
PG0007,1,1,1,1,1,1,1,1,1,1,1,1,1,1,1,1
PG0015,1,1,1,1,1,1,1,1,1,1,1,1,1,1,1,1
PG0121,0,1,1,0,0,0,0,0,1,1,0,0,0,0,1,0
PG0024,1,1,1,1,1,1,1,1,1,1,1,1,1,1,1,1
PG0192,0,0,0,0,0,0,0,0,0,1,0,0,0,0,0,0
PG0074,1,1,1,1,1,1,1,1,1,1,1,1,1,1,1,1
PG0040,1,1,1,1,1,1,1,1,1,1,1,1,1,1,1,1
PG0107,1,1,1,1,1,1,1,1,1,1,1,1,1,1,1,1
PG0008,1,1,1,1,1,1,1,1,1,1,1,1,1,1,1,1
PG0170,1,1,1,1,1,1,1,1,1,1,1,1,1,1,0,1
PG0223,0,0,0,0,0,0,0,0,0,1,0,0,0,0,0,0
PG0229,0,0,0,0,0,0,0,0,0,0,0,0,0,0,1,0
PG0026,1,1,1,1,1,1,1,1,1,1,1,1,1,1,1,1
PG0136,1,1,0,0,0,0,0,0,0,0,1,1,0,0,0,1
PG0148,0,0,1,0,1,0,0,1,1,1,1,1,1,1,0,1
PG0156,1,0,0,0,0,0,0,0,0,1,0,0,0,0,0,1
PG0178,0,1,1,1,1,1,1,1,0,1,1,1,1,1,1,1
PG0154,0,1,1,1,1,1,0,1,1,0,1,1,0,1,1,1
PG0236,0,0,0,1,0,0,0,0,0,0,0,0,0,0,0,0
PG0247,0,1,0,0,0,0,0,0,1,0,0,0,0,0,0,0
PG0089,1,1,1,1,1,1,1,1,1,1,1,1,1,1,1,1
PG0110,1,1,1,1,1,1,1,1,1,1,1,1,1,1,1,1
PG0195,0,0,0,0,0,0,0,0,0,0,1,0,0,0,0,1
PG0033,1,1,1,1,1,1,1,1,1,1,1,1,1,1,1,1
PG0202,0,0,1,0,0,0,0,0,0,0,0,0,0,0,0,0
PG0016,1,1,1,1,1,1,1,1,1,1,1,1,1,1,1,1
PG0231,0,0,0,0,0,0,0,1,0,0,0,0,0,0,0,0
PG0017,1,1,1,1,1,1,1,1,1,1,1,1,1,1,1,1
PG0106,1,1,1,1,1,1,1,1,1,1,1,1,1,1,1,1
PG0068,1,1,1,1,1,1,1,1,1,1,1,1,1,1,1,1
PG0241,0,0,0,0,0,0,0,0,1,0,0,0,0,0,1,0
PG0162,0,1,0,0,0,0,0,0,1,0,1,0,0,0,0,0
PG0034,1,1,1,1,1,1,1,1,1,1,1,1,1,1,1,1
PG0211,0,0,0,0,1,0,0,0,0,0,0,0,0,0,0,0
PG0175,1,0,0,0,0,0,1,1,0,0,0,0,0,1,0,0
PG0064,1,1,1,1,1,1,1,1,1,1,1,1,1,1,1,1
PG0163,0,0,1,0,0,0,0,0,0,0,1,0,1,1,0,1
PG0109,1,1,1,1,1,1,1,1,1,1,1,1,1,1,1,1
PG0101,1,1,1,1,1,1,1,1,1,1,1,1,1,1,1,1
PG0097,1,1,1,1,1,1,1,1,1,1,1,1,1,1,1,1
PG0038,1,1,1,1,1,1,1,1,1,1,1,1,1,1,1,1
PG0004,1,1,1,1,1,1,1,1,1,1,1,1,1,1,1,1
PG0120,0,1,1,0,0,0,0,0,1,1,0,0,0,0,0,0
PG0141,1,0,1,1,1,0,1,0,1,1,1,1,1,0,1,1
PG0011,1,1,1,1,1,1,1,1,1,1,1,1,1,1,1,1
PG0199,0,0,0,0,0,0,0,0,1,0,0,0,1,0,0,0
PG0237,0,0,0,0,0,1,0,0,0,0,0,0,0,0,0,0
PG0235,0,0,0,0,0,0,1,0,0,0,0,0,0,0,0,0
PG0043,1,1,1,1,1,1,1,1,1,1,1,1,1,1,1,1
PG0114,1,1,1,1,1,1,1,1,1,1,1,1,1,1,1,1
PG0028,1,1,1,1,1,1,1,1,1,1,1,1,1,1,1,1
PG0214,0,0,0,1,0,0,0,0,0,0,0,0,0,0,1,0
PG0210,0,0,0,0,1,0,0,0,0,0,0,0,0,0,0,0
PG0102,1,1,1,1,1,1,1,1,1,1,1,1,1,1,1,1
PG0080,1,1,1,1,1,1,1,1,1,1,1,1,1,1,1,1
PG0088,1,1,1,1,1,1,1,1,1,1,1,1,1,1,1,1
PG0113,1,1,1,1,1,1,1,1,1,1,1,1,1,1,1,1
PG0158,0,1,1,1,0,1,1,0,1,0,0,1,1,0,1,1
PG0171,1,0,1,0,1,1,1,0,1,1,1,1,1,0,1,1
PG0104,1,1,1,1,1,1,1,1,1,1,1,1,1,1,1,1
PG0032,1,1,1,1,1,1,1,1,1,1,1,1,1,1,1,1
PG0216,0,0,0,0,0,0,0,0,0,0,0,0,0,0,0,1
PG0140,0,0,1,1,1,0,0,0,0,1,0,0,1,0,0,1
PG0108,1,1,1,1,1,1,1,1,1,1,1,1,1,1,1,1
PG0203,0,0,0,0,0,0,0,0,0,0,0,0,0,1,0,1
PG0143,1,1,1,1,1,1,1,0,1,1,0,1,1,0,1,1
PG0240,0,0,0,0,0,0,0,1,1,0,0,0,0,0,0,0
PG0135,1,0,0,0,0,0,0,0,0,0,0,1,0,0,0,1
PG0052,1,1,1,1,1,1,1,1,1,1,1,1,1,1,1,1
PG0179,0,0,1,1,0,0,0,0,1,1,0,1,0,0,0,1
PG0081,1,1,1,1,1,1,1,1,1,1,1,1,1,1,1,1
PG0075,1,1,1,1,1,1,1,1,1,1,1,1,1,1,1,1
PG0222,0,0,0,0,0,0,1,0,0,0,0,0,0,0,0,0
PG0245,0,0,0,0,0,0,0,0,0,0,0,0,0,0,0,1
PG0082,1,1,1,1,1,1,1,1,1,1,1,1,1,1,1,1
PG0213,0,0,0,0,1,0,0,0,0,0,0,0,0,0,0,0
PG0014,1,1,1,1,1,1,1,1,1,1,1,1,1,1,1,1
PG0232,0,0,0,0,0,0,0,0,0,0,1,0,0,0,1,0
PG0208,1,0,0,0,0,0,0,0,0,0,0,0,0,0,0,0
PG0027,1,1,1,1,1,1,1,1,1,1,1,1,1,1,1,1
PG0234,0,0,0,0,0,0,1,0,0,0,0,0,0,0,0,0
PG0246,0,0,0,0,0,0,0,0,0,0,0,0,0,0,0,1
PG0103,1,1,1,1,1,1,1,1,1,1,1,1,1,1,1,1
PG0039,1,1,1,1,1,1,1,1,1,1,1,1,1,1,1,1
PG0044,1,1,1,1,1,1,1,1,1,1,1,1,1,1,1,1
PG0230,0,0,0,1,0,0,0,0,0,0,0,0,0,0,0,0
PG0021,1,1,1,1,1,1,1,1,1,1,1,1,1,1,1,1
PG0001,1,1,1,1,1,1,1,1,1,1,1,1,1,1,1,1
PG0155,1,1,0,1,0,0,1,0,0,0,1,1,0,0,0,0
PG0217,0,0,0,0,0,0,0,0,0,0,0,0,0,0,0,1
PG0144,0,1,1,1,1,1,0,0,1,1,1,1,1,1,1,1
PG0239,0,0,0,0,0,0,0,0,1,0,0,0,0,0,0,0
PG0100,1,1,1,1,1,1,1,1,1,1,1,1,1,1,1,1
PG0189,0,0,1,0,0,0,0,0,0,0,0,0,0,0,0,0
PG0119,1,0,0,1,1,0,0,0,0,1,0,0,1,0,1,0
PG0215,0,0,0,0,0,0,1,0,0,0,0,0,0,0,0,0
PG0128,0,0,0,0,0,1,1,0,0,0,1,1,0,0,0,0
PG0142,0,0,1,1,0,1,0,1,0,0,1,0,0,1,0,0
PG0055,1,1,1,1,1,1,1,1,1,1,1,1,1,1,1,1
PG0224,0,0,0,0,0,0,0,1,0,0,0,0,0,0,0,0
PG0188,0,0,0,0,1,0,0,0,0,0,0,0,0,0,0,0
PG0137,1,1,0,0,0,0,0,0,0,0,1,1,0,0,0,1
PG0105,1,1,1,1,1,1,1,1,1,1,1,1,1,1,1,1
PG0206,0,0,0,1,0,0,0,0,0,0,0,0,0,0,0,0
PG0212,0,0,0,0,0,0,0,0,0,0,0,0,1,0,0,0
PG0058,1,1,1,1,1,1,1,1,1,1,1,1,1,1,1,1
PG0161,1,0,0,1,1,1,1,0,1,0,1,1,1,0,0,0
PG0226,0,0,0,0,1,0,0,0,0,0,0,0,0,0,0,0
PG0054,1,1,1,1,1,1,1,1,1,1,1,1,1,1,1,1
PG0018,1,1,1,1,1,1,1,1,1,1,1,1,1,1,1,1
PG0181,0,0,1,0,0,0,0,0,0,0,0,0,0,0,0,1
PG0147,1,1,0,1,1,1,0,1,1,1,1,1,1,1,1,0
PG0227,0,0,1,0,0,0,0,0,0,0,0,0,0,0,1,0
PG0115,0,0,0,1,1,0,0,0,0,0,0,0,1,0,1,0
PG0090,1,1,1,1,1,1,1,1,1,1,1,1,1,1,1,1
PG0062,1,1,1,1,1,1,1,1,1,1,1,1,1,1,1,1
PG0165,1,0,0,1,1,0,1,1,0,1,0,1,0,1,0,0
PG0122,0,1,1,0,0,1,0,0,1,1,0,0,0,0,0,0
PG0095,1,1,1,1,1,1,1,1,1,1,1,1,1,1,1,1
PG0174,0,0,0,0,0,0,0,0,0,0,1,0,1,0,0,1
PG0127,0,0,0,0,0,1,1,0,0,0,1,0,0,0,0,0
PG0209,0,0,0,0,0,0,0,0,0,0,1,0,0,0,0,0
PG0194,0,0,0,1,0,0,0,0,0,0,0,0,0,0,0,0
PG0204,0,0,0,0,1,0,0,0,0,0,0,0,0,0,0,0
PG0053,1,1,1,1,1,1,1,1,1,1,1,1,1,1,1,1
PG0139,1,0,0,1,0,0,0,0,0,0,0,1,0,0,0,1
PG0201,0,0,0,0,0,0,0,0,0,0,0,1,0,0,0,1
PG0221,0,0,0,0,0,0,0,0,0,0,0,0,0,0,0,1
PG0093,1,1,1,1,1,1,1,1,1,1,1,1,1,1,1,1
PG0118,0,0,0,1,1,0,0,0,0,0,1,0,1,0,1,0
PG0172,0,1,1,0,1,1,0,1,1,0,0,0,0,1,0,0
