gene_family,SM04-2018-04,SM1030-14,SM1031-4,SM1038-14,SM1042-14R,SM109-18,SM155-18,SM156-18,SM181-4,SM190-8,SM191-1,SM205-2,SM207-3,SM226-1,SM51-19,SM914-13
PG0023,0,0,0,0,1,0,0,0,0,0,0,0,0,0,0,0
PG0132,1,1,0,0,0,0,0,0,0,0,0,0,1,1,0,0
PG0225,1,1,1,1,1,1,1,1,1,1,1,1,1,1,1,1
PG0048,1,0,1,0,1,0,1,0,0,1,1,1,1,1,1,1
PG0065,0,0,0,0,0,0,0,0,1,0,0,0,0,0,0,0
PG0005,0,1,1,1,0,0,0,0,0,1,1,1,0,0,0,0
PG0197,0,0,0,0,1,0,0,0,0,0,0,0,0,0,0,0
PG0167,1,1,1,1,0,0,1,0,1,0,1,1,1,0,1,1
PG0019,1,1,1,1,1,1,1,1,1,1,1,1,1,1,1,1
PG0219,1,1,1,1,1,1,1,1,1,1,1,1,1,1,1,1
PG0037,1,1,1,1,1,1,1,1,1,1,1,1,1,1,1,1
PG0067,0,0,0,1,0,0,0,1,0,0,0,0,0,1,0,1
PG0183,0,0,1,0,1,1,1,0,1,1,1,1,1,1,1,1
PG0051,0,0,0,0,0,0,0,0,0,0,0,0,0,0,0,1
PG0030,0,1,0,0,1,1,1,1,1,0,1,1,1,1,1,0
PG0096,1,1,0,0,0,0,1,0,0,0,0,1,1,0,0,1
PG0131,1,1,1,1,1,1,1,1,1,1,1,1,1,1,1,1
PG0186,1,1,1,1,1,1,1,1,1,1,1,1,1,1,1,1
PG0190,0,0,1,0,0,0,0,1,0,0,0,0,0,0,0,1
PG0098,1,1,1,1,1,1,1,1,1,1,1,1,1,1,1,1
PG0076,0,0,0,1,0,0,0,0,0,0,0,0,0,0,0,0
PG0002,0,1,1,1,0,1,1,0,1,0,1,1,1,1,1,1
PG0145,1,1,1,1,1,1,1,1,1,1,1,1,1,1,1,1
PG0072,1,1,0,0,0,0,0,0,0,0,0,0,0,0,0,0
PG0045,0,0,0,0,0,0,0,0,0,0,0,0,0,0,1,0
PG0046,0,1,1,1,0,1,0,1,0,1,1,1,0,0,0,0
PG0025,0,1,0,0,0,0,0,0,0,0,0,0,0,0,0,0
PG0022,0,0,0,0,0,0,0,0,0,0,0,0,0,1,1,0
PG0050,1,1,1,1,1,1,1,1,1,1,1,1,1,1,1,1
PG0164,0,0,0,0,0,1,1,1,0,1,0,0,0,0,1,1
PG0228,1,1,1,1,1,1,1,1,1,1,1,1,0,1,1,0
PG0006,1,1,1,1,1,1,1,1,1,1,1,1,1,1,1,1
PG0185,0,0,0,0,0,0,0,0,0,0,0,0,1,0,0,0
PG0059,1,1,1,1,1,1,1,1,1,1,1,1,1,1,1,1
PG0242,1,1,1,1,1,1,1,1,1,1,1,1,1,1,1,1
PG0133,0,0,0,1,0,0,0,0,1,0,0,0,0,0,0,1
PG0184,0,0,0,0,0,0,0,0,1,0,0,0,0,0,0,0
PG0057,0,0,0,0,0,0,0,1,0,0,0,0,0,0,0,0
PG0042,1,1,1,1,1,1,1,1,1,1,1,1,1,1,1,1
PG0205,0,0,1,0,0,1,0,0,0,0,0,0,0,0,0,0
PG0173,0,0,0,0,1,0,0,0,0,0,0,0,0,0,0,0
PG0152,1,1,1,1,1,1,1,1,1,1,1,1,0,1,1,1
PG0129,0,0,0,0,0,0,0,1,0,0,0,0,1,0,0,0
PG0138,1,0,0,0,0,0,0,1,0,1,1,0,0,1,0,0
PG0060,1,1,0,0,1,0,0,1,0,1,0,0,0,0,0,1
PG0233,0,0,0,0,1,1,0,0,0,0,0,0,0,0,0,0
PG0049,0,0,1,0,0,0,1,0,0,0,1,0,0,0,0,1
PG0031,1,1,1,1,1,1,1,1,1,1,1,1,1,1,1,1
PG0169,1,1,1,1,1,1,1,1,1,1,1,1,1,1,1,1
PG0160,0,0,0,0,0,0,0,0,0,1,0,0,0,0,0,0
PG0078,1,1,1,1,1,1,1,1,1,1,1,1,1,1,1,1
PG0200,1,1,1,1,1,1,1,1,1,1,1,1,1,1,1,1
PG0066,0,0,1,1,0,0,1,0,1,1,0,1,1,0,1,0
PG0153,0,0,0,1,0,0,0,0,1,0,0,0,0,0,0,0
PG0250,1,1,1,1,1,1,1,1,1,1,1,1,1,1,1,1
PG0077,1,1,1,1,1,1,1,1,1,1,1,1,1,1,1,1
PG0035,0,1,0,0,0,0,1,0,0,0,0,0,0,0,0,0
PG0070,0,1,1,1,1,1,0,0,1,0,1,0,0,1,0,1
PG0130,1,1,1,1,1,1,1,1,1,1,1,1,1,1,1,1
PG0111,1,1,0,0,0,0,1,0,0,0,0,0,0,1,0,0
PG0157,1,1,1,1,1,1,1,1,1,1,1,1,1,1,1,1
PG0087,1,0,0,1,1,0,0,1,1,0,1,0,1,1,1,1
PG0009,1,0,1,1,0,1,1,1,0,1,0,0,1,0,0,1
PG0238,1,1,0,1,1,1,0,1,1,1,1,1,0,1,0,1
PG0134,0,0,0,0,0,0,0,0,0,0,0,0,0,1,0,0
PG0123,0,0,0,1,0,0,0,0,0,0,0,0,0,0,0,0
PG0094,1,0,0,0,0,0,0,0,0,0,0,0,0,0,0,0
PG0073,1,1,1,0,0,0,1,0,1,1,1,0,1,0,1,1
PG0041,1,0,1,0,1,1,0,1,1,1,0,1,0,1,1,0
PG0099,0,0,0,0,0,0,0,1,0,0,0,0,1,0,0,0
PG0020,1,1,1,1,1,1,1,1,1,1,1,1,1,1,1,1
PG0177,1,1,1,1,1,0,1,1,1,1,1,1,0,1,1,1
PG0126,0,0,0,1,1,0,0,1,1,1,1,1,0,0,1,0
PG0003,1,1,1,1,1,1,1,1,1,1,1,1,1,1,1,1
PG0084,1,1,1,1,1,1,1,1,1,1,1,1,1,1,1,1
PG0083,0,0,0,0,0,0,0,0,0,0,0,0,0,0,0,1
PG0112,1,1,0,1,1,1,1,1,1,1,1,0,1,1,0,1
PG0150,1,1,0,0,0,1,1,0,0,0,0,1,1,0,1,0
PG0056,1,1,1,1,1,1,1,1,1,1,1,1,1,1,1,1
PG0085,0,1,0,0,0,0,1,0,0,0,0,0,0,0,0,0
PG0187,1,1,0,0,1,1,1,1,1,0,1,0,1,0,0,1
PG0168,1,1,0,1,1,1,0,1,0,1,0,0,1,0,0,0
PG0149,0,1,0,0,1,0,1,0,0,0,0,1,0,1,0,0
PG0013,1,1,0,1,1,1,1,0,1,1,1,1,1,0,1,1
PG0012,1,0,1,0,0,1,0,1,1,1,1,1,1,1,0,0
PG0029,1,1,1,1,1,1,1,1,1,1,1,1,1,1,1,1
PG0207,1,1,1,1,1,1,1,1,1,0,1,0,1,1,1,1
PG0191,1,1,1,1,1,1,1,1,1,0,1,1,1,0,1,1
PG0071,0,0,0,0,0,0,0,0,0,0,0,0,0,0,0,1
PG0036,0,0,1,0,1,0,0,1,1,0,0,0,0,0,1,1
PG0086,0,0,0,0,1,0,0,0,1,0,0,1,1,0,0,1
PG0069,1,0,0,0,0,0,0,0,0,0,0,0,0,0,1,0
PG0124,0,0,0,0,0,0,0,0,1,0,0,1,0,0,0,0
PG0146,1,1,1,1,1,1,1,1,1,1,1,1,1,1,1,1
PG0092,1,1,1,1,1,1,1,1,1,1,1,1,1,1,1,1
PG0220,0,0,1,0,0,0,0,0,0,0,0,0,0,0,0,1
PG0248,1,1,1,1,1,1,1,1,1,1,1,1,1,1,1,1
PG0196,0,0,0,0,0,0,0,1,0,0,1,0,0,0,0,0
PG0159,1,1,1,1,1,1,1,1,1,1,1,1,1,1,1,1
PG0079,1,1,1,0,1,0,0,0,1,0,0,1,0,0,0,1
PG0117,0,0,0,0,0,0,0,0,0,0,1,0,0,0,1,0
PG0061,1,1,1,1,1,1,1,1,1,1,1,1,1,1,1,1
PG0047,1,1,0,0,0,1,0,0,0,0,0,0,0,1,1,0
PG0198,0,0,0,0,1,0,0,0,0,0,0,0,0,0,1,0
PG0218,1,1,1,1,1,1,1,1,1,1,1,1,1,1,1,1
PG0176,1,1,1,1,1,1,1,1,1,1,1,1,1,1,1,1
PG0091,1,0,0,0,0,0,0,0,0,1,0,0,0,0,0,0
PG0243,0,1,1,0,0,0,0,0,0,0,0,0,0,0,0,0
PG0166,0,0,0,0,0,1,0,0,0,0,0,0,0,0,0,0
PG0151,1,0,0,1,1,1,1,1,1,1,1,1,1,1,1,1
PG0063,1,1,1,1,0,1,0,1,1,0,0,0,1,1,1,1
PG0010,1,1,1,1,1,1,1,1,1,1,1,1,1,1,1,1
PG0249,0,0,1,0,0,0,1,1,0,0,0,0,0,0,0,0
PG0182,0,0,0,0,0,0,0,1,0,0,1,0,0,0,0,0
PG0193,1,1,1,1,1,1,1,1,1,1,1,1,1,1,1,1
PG0180,0,0,0,0,0,1,0,0,0,0,0,0,1,0,0,0
PG0125,1,1,1,1,0,1,1,1,1,1,1,1,1,1,1,1
PG0116,1,1,1,1,1,1,1,1,1,1,1,1,1,1,1,1
PG0244,0,0,0,0,0,0,1,0,0,1,0,0,0,0,0,0
PG0007,0,1,0,1,0,1,0,1,0,0,0,1,1,0,0,1
PG0015,0,0,1,0,0,0,0,0,0,0,0,0,0,0,0,0
PG0121,0,1,0,0,0,1,1,0,1,0,0,0,0,0,1,1
PG0024,1,1,1,1,1,1,1,1,1,1,1,1,1,1,1,1
PG0192,0,1,1,1,1,1,1,1,1,1,1,0,0,0,1,1
PG0074,0,1,0,0,1,1,1,0,1,0,0,1,1,1,1,1
PG0040,0,0,0,1,0,1,0,1,0,0,0,0,0,1,0,1
PG0107,1,1,1,1,1,1,1,1,1,1,1,1,1,1,1,1
PG0008,0,0,0,0,0,1,0,0,0,0,0,1,0,0,0,0
PG0170,1,0,1,1,1,1,1,1,0,0,1,1,1,0,1,1
PG0223,0,0,0,0,0,0,0,0,0,0,0,0,1,0,0,1
PG0229,0,1,1,0,0,1,1,1,1,0,0,1,0,0,0,0
PG0026,0,1,0,0,0,1,0,1,0,0,0,0,0,0,0,0
PG0136,0,1,0,0,0,0,0,0,0,0,0,0,1,0,0,0
PG0148,1,1,1,1,1,1,1,1,1,1,1,1,1,1,1,1
PG0156,1,1,1,1,1,1,1,1,1,1,1,1,1,1,1,1
PG0178,0,0,0,0,1,0,0,0,0,0,0,0,0,0,0,0
PG0154,1,1,1,1,1,1,1,1,0,1,1,0,1,1,1,1
PG0236,1,1,1,1,1,1,1,1,1,1,1,1,1,1,1,1
PG0247,0,1,1,0,1,1,0,1,0,0,1,0,1,1,0,1
PG0089,0,0,0,0,0,0,0,0,1,0,0,0,0,0,1,0
PG0110,1,1,1,1,1,1,1,1,1,1,1,1,1,1,1,1
PG0195,1,0,0,1,1,0,0,1,0,0,1,0,0,1,1,0
PG0033,0,0,1,1,0,1,1,1,0,0,1,1,1,1,1,1
PG0202,1,1,1,1,1,1,0,1,1,1,1,1,1,1,1,1
PG0016,1,1,1,1,1,0,1,1,1,0,1,0,1,1,1,1
PG0231,0,1,1,1,1,1,1,1,0,1,1,1,1,1,0,1
PG0017,1,0,1,0,1,1,0,1,0,1,1,1,0,1,1,0
PG0106,1,1,1,1,1,1,1,1,0,1,1,1,1,1,1,1
PG0068,0,1,1,1,1,0,0,1,0,0,1,0,1,0,1,1
PG0241,0,0,1,1,0,0,0,0,0,0,0,0,0,0,0,0
PG0162,1,0,1,1,0,1,1,1,1,1,0,1,1,0,1,1
PG0034,0,0,1,0,0,0,0,0,0,0,0,0,0,0,0,0
PG0211,0,1,1,1,0,1,1,1,1,0,1,1,1,1,1,0
PG0175,0,1,1,0,1,1,1,1,1,1,1,1,1,1,1,0
PG0064,0,0,0,0,0,0,0,0,0,0,0,0,1,0,0,0
PG0163,1,1,0,0,0,1,0,0,1,0,1,0,1,1,0,0
PG0109,0,0,0,0,0,0,0,0,0,0,0,0,1,0,0,1
PG0101,1,1,0,1,1,1,1,0,1,1,1,0,1,0,1,1
PG0097,0,0,0,0,0,0,1,0,0,0,1,0,0,0,0,0
PG0038,1,1,1,1,1,1,1,1,1,1,1,1,1,1,1,1
PG0004,0,0,0,0,1,1,0,1,0,1,0,0,1,1,1,0
PG0120,1,1,1,1,1,1,1,1,1,1,1,1,1,1,1,1
PG0141,0,0,0,0,0,0,0,0,0,0,0,0,0,0,0,1
PG0011,0,0,0,0,0,0,0,0,0,1,0,1,0,0,1,0
PG0199,1,1,0,1,1,0,0,1,1,1,1,1,0,1,1,1
PG0237,1,1,0,1,1,1,0,1,1,1,1,1,1,1,1,1
PG0235,1,1,1,0,1,1,0,0,0,1,1,0,0,1,0,0
PG0043,1,0,0,0,0,0,0,0,0,0,0,0,0,1,0,1
PG0114,0,0,0,0,0,0,1,0,0,0,0,0,0,0,0,0
PG0028,1,1,1,1,1,1,1,1,1,1,1,1,1,1,1,1
PG0214,0,0,0,0,0,0,0,0,0,0,0,1,0,0,0,0
PG0210,1,1,1,1,1,1,1,1,1,1,1,1,1,1,1,1
PG0102,0,0,0,0,0,0,1,0,1,0,0,0,0,0,1,0
PG0080,1,1,0,1,1,1,1,1,1,1,0,1,0,0,1,0
PG0088,1,1,0,0,1,0,1,1,1,0,1,0,1,1,1,1
PG0113,1,0,1,0,1,0,1,1,1,1,1,1,0,0,1,0
PG0158,1,0,0,0,1,0,0,1,0,0,0,0,0,0,1,0
PG0171,0,1,0,1,1,1,1,1,1,0,0,1,1,1,0,0
PG0104,0,0,1,0,0,0,0,0,0,0,0,0,0,0,0,0
PG0032,1,0,0,1,0,0,0,0,0,1,0,0,1,0,0,0
PG0216,1,1,1,1,1,1,1,1,1,1,1,1,1,1,1,1
PG0140,1,1,0,1,1,1,1,1,1,1,1,0,1,0,1,1
PG0108,0,0,0,0,0,1,0,0,0,0,0,0,0,0,0,0
PG0203,1,1,1,1,1,1,1,1,1,1,1,1,1,1,1,1
PG0143,0,0,0,0,1,0,0,0,0,0,0,0,0,0,0,0
PG0240,1,0,0,0,0,0,0,0,0,0,0,0,0,0,0,0
PG0135,1,1,1,1,1,1,1,1,1,1,1,1,1,1,1,1
PG0052,0,0,0,0,0,0,0,0,0,1,0,0,0,0,0,0
PG0179,0,0,0,0,0,0,0,1,1,0,1,0,0,0,0,0
PG0081,0,0,0,0,0,0,0,0,0,0,0,1,0,0,0,0
PG0075,0,0,1,1,1,0,1,1,0,1,1,1,0,1,1,1
PG0222,0,0,0,1,0,1,0,0,0,0,0,0,0,0,0,0
PG0245,0,0,1,0,1,1,0,0,1,0,1,0,0,1,1,0
PG0082,0,0,0,0,0,0,0,0,0,1,0,0,0,0,0,0
PG0213,0,1,0,0,0,0,0,0,1,0,0,0,0,0,1,0
PG0014,1,1,1,1,1,1,1,1,1,1,1,1,1,1,1,1
PG0232,0,1,0,0,0,0,0,1,0,0,0,0,0,0,0,1
PG0208,1,1,1,1,0,1,0,1,0,1,0,0,0,1,1,0
PG0027,0,1,1,1,1,1,1,1,1,0,1,1,0,1,1,0
PG0234,0,0,0,0,0,0,0,0,0,0,0,1,0,0,0,0
PG0246,1,0,0,1,1,1,1,0,1,1,0,1,0,0,0,0
PG0103,0,0,0,0,0,0,0,1,1,0,1,0,0,0,0,0
PG0039,1,1,1,1,1,1,1,1,1,1,1,1,1,1,1,1
PG0044,0,0,0,0,0,0,1,0,0,1,0,1,0,0,0,1
PG0230,0,0,0,0,0,1,0,0,1,0,0,0,0,0,0,0
PG0021,1,0,0,1,0,0,0,1,0,1,1,1,0,0,0,0
PG0001,0,0,0,0,0,1,0,0,0,0,0,0,0,0,0,1
PG0155,0,0,0,0,0,0,0,0,0,1,0,0,0,0,0,0
PG0217,1,1,1,1,0,1,1,1,0,0,1,0,1,0,1,0
PG0144,1,1,1,1,1,1,1,1,1,1,1,1,1,1,1,1
PG0239,0,1,0,0,0,0,1,1,0,1,1,1,0,1,1,1
PG0100,1,1,0,0,0,0,0,1,1,1,1,0,0,0,0,1
PG0189,0,0,0,0,0,0,0,0,1,1,0,0,0,0,0,0
PG0119,1,1,1,1,1,1,1,1,1,1,1,1,1,1,1,1
PG0215,0,0,0,1,0,0,0,0,0,0,0,0,0,0,0,0
PG0128,1,1,1,1,1,1,1,1,1,1,1,1,1,1,1,1
PG0142,1,1,1,1,1,1,1,1,0,0,1,0,1,1,0,0
PG0055,1,1,1,0,0,1,0,1,1,1,1,1,1,1,1,0
PG0224,1,1,1,1,1,1,1,1,1,1,1,1,1,1,1,0
PG0188,1,1,1,1,1,1,1,1,1,1,1,1,1,1,1,1
PG0137,1,1,1,1,1,1,1,1,1,1,1,1,1,1,1,1
PG0105,0,0,0,0,0,0,0,0,0,0,0,1,0,0,0,0
PG0206,1,1,1,1,0,1,1,0,1,1,1,1,1,1,1,1
PG0212,0,1,1,1,1,1,1,0,0,1,1,0,1,1,1,0
PG0058,1,1,1,1,1,1,1,1,1,1,1,1,1,0,1,1
PG0161,0,0,0,0,0,1,0,0,1,0,0,1,0,0,1,1
PG0226,1,1,1,0,1,0,1,1,1,1,1,1,0,1,0,1
PG0054,0,0,0,0,0,0,0,0,1,0,0,0,0,1,0,0
PG0018,1,0,0,1,0,1,1,1,0,0,1,0,1,1,1,1
PG0181,0,0,0,0,0,0,0,0,0,1,0,0,0,0,0,0
PG0147,1,1,1,0,1,0,1,1,1,1,1,1,1,1,0,1
PG0227,0,0,0,0,0,0,0,0,0,0,0,0,0,1,1,0
PG0115,0,0,1,0,0,0,0,0,0,0,0,0,0,0,0,0
PG0090,1,1,0,1,0,1,1,0,1,1,1,0,0,1,0,1
PG0062,0,0,0,0,0,0,0,1,0,0,0,0,0,0,0,1
PG0165,1,0,0,0,1,0,0,0,0,1,0,1,1,0,0,0
PG0122,1,1,1,0,0,0,0,0,0,1,0,0,1,0,0,0
PG0095,1,1,1,1,1,0,1,1,1,1,1,1,1,1,1,1
PG0174,0,0,0,0,0,1,0,0,0,0,0,0,0,0,0,0
PG0127,1,1,1,1,1,1,1,1,1,1,1,1,1,1,1,1
PG0209,1,1,1,1,1,1,1,1,1,1,1,1,1,1,1,1
PG0194,0,0,0,0,0,0,0,0,0,0,0,1,0,0,0,1
PG0204,0,0,1,0,0,0,1,0,1,0,0,1,0,0,1,1
PG0053,0,0,1,0,0,0,0,0,0,0,0,0,0,0,0,1
PG0139,1,1,1,1,1,1,1,1,1,1,1,1,1,1,1,1
PG0201,0,0,0,0,0,0,0,0,0,0,0,1,1,0,1,0
PG0221,1,1,1,1,1,1,1,1,1,1,1,1,1,1,1,1
PG0093,1,1,1,1,1,1,1,1,1,1,1,1,1,1,1,1
PG0118,1,1,1,1,1,1,1,1,1,1,1,1,1,1,1,1
PG0172,1,1,1,1,1,0,1,1,1,0,1,1,0,1,1,1
